feature,coefficient
readmission_rate,6836.339873813172
state_MI,366.6372012153194
chronic_conditions,112.31822134598912
gender_M,102.88558815991794
visits_per_year,102.8560736656863
age,3.7145523810094763
state_KY,-27.340829156768446
quality_score,-58.0719028064416
state_IN,-206.5852842096803
specialty_Primary Care,-238.99623271124293
state_OH,-304.43832076947405
specialty_Orthopedics,-607.2698944404136
specialty_Neurology,-641.5941874200187
specialty_Oncology,-956.7350528930742
