provider_id,total_claim_cost
P046,5945.492487948879
P006,5361.572296711151
P025,5359.52316350268
P041,4923.672236496445
P030,4813.032658666607
P023,4468.313300304656
P034,4432.486496540246
P018,4329.546569592923
P042,4293.050301564599
P014,4173.2380979548825
